$ICAO,$Registration,$Operator,$Type,$ICAO Type,#CMPG,$Tag 1,$#Tag 2,$#Tag 3,Category,$#Link
AE1C1B,06-08027,United States Army,Boeing-Vertol CH-47F Chinook,H47,Mil,Choppa,Wocka Wocka,Twin Rotor,Toy Soldiers,https://en.wikipedia.org/wiki/Boeing_CH-47_Chinook
AE5238,07-08034,United States Army,Boeing-Vertol CH-47F Chinook,H47,Mil,Choppa,Wocka Wocka,Twin Rotor,Toy Soldiers,https://en.wikipedia.org/wiki/Boeing_CH-47_Chinook
AE5251,07-08738,United States Army,Boeing-Vertol CH-47F Chinook,H47,Mil,Choppa,Wocka Wocka,Twin Rotor,Toy Soldiers,https://en.wikipedia.org/wiki/Boeing_CH-47_Chinook
AE526A,08-08754,United States Army,Boeing-Vertol CH-47F Chinook,H47,Mil,Choppa,Wocka Wocka,Twin Rotor,Toy Soldiers,https://en.wikipedia.org/wiki/Boeing_CH-47_Chinook
AE5276,08-08766,United States Army,Boeing-Vertol CH-47F Chinook,H47,Mil,Choppa,Wocka Wocka,Twin Rotor,Toy Soldiers,https://en.wikipedia.org/wiki/Boeing_CH-47_Chinook
AE529D,09-08794,United States Army,Boeing-Vertol CH-47F Chinook,H47,Mil,Choppa,Wocka Wocka,Twin Rotor,Toy Soldiers,https://en.wikipedia.org/wiki/Boeing_CH-47_Chinook
AE09B5,89-26130,United States Army,UH-60A Blackhawk,H60,Mil,Get To The Choppa,Military Transport,Blackhawk,Toy Soldiers,https://en.wikipedia.org/wiki/Sikorsky_UH-60_Black_Hawk
AE0AFE,89-26152,United States Army,UH-60A Blackhawk,H60,Mil,Get To The Choppa,Military Transport,Blackhawk,Toy Soldiers,https://en.wikipedia.org/wiki/Sikorsky_UH-60_Black_Hawk
AE0B76,85-24400,United States Army,UH-60 Blackhawk,H60,Mil,Get To The Choppa,Military Transport,Blackhawk,Toy Soldiers,https://en.wikipedia.org/wiki/Sikorsky_UH-60_Black_Hawk
AE0C73,94-26533,United States Army,UH-60L Blackhawk,H60,Mil,Get To The Choppa,Military Transport,Blackhawk,Toy Soldiers,https://en.wikipedia.org/wiki/Sikorsky_UH-60_Black_Hawk
AE0CCA,91-26347,United States Army,UH-60 Blackhawk,H60,Mil,Get To The Choppa,Military Transport,Blackhawk,Toy Soldiers,https://en.wikipedia.org/wiki/Sikorsky_UH-60_Black_Hawk
AE0CCC,91-26349,United States Army,UH-60 Blackhawk,H60,Mil,Get To The Choppa,Military Transport,Blackhawk,Toy Soldiers,https://en.wikipedia.org/wiki/Sikorsky_UH-60_Black_Hawk
AE1827,00-26868,United States Army,UH-60 Blackhawk,H60,Mil,Get To The Choppa,Military Transport,Blackhawk,Toy Soldiers,https://en.wikipedia.org/wiki/Sikorsky_UH-60_Black_Hawk
AE5D93,16-20905,United States Army,UH-60M Blackhawk,H60,Mil,Get To The Choppa,Military Transport,Blackhawk,Toy Soldiers,https://en.wikipedia.org/wiki/Sikorsky_UH-60_Black_Hawk
AE5D95,16-20907,United States Army,UH-60 Blackhawk,H60,Mil,Get To The Choppa,Military Transport,Blackhawk,Toy Soldiers,https://en.wikipedia.org/wiki/Sikorsky_UH-60_Black_Hawk
AE5D96,16-20908,United States Army,UH-60M Blackhawk,H60,Mil,Get To The Choppa,Military Transport,Blackhawk,Toy Soldiers,https://en.wikipedia.org/wiki/Sikorsky_UH-60_Black_Hawk
AE5D97,16-20909,United States Army,UH-60 Blackhawk,H60,Mil,Get To The Choppa,Military Transport,Blackhawk,Toy Soldiers,https://en.wikipedia.org/wiki/Sikorsky_UH-60_Black_Hawk
AE5D99,16-20911,United States Army,UH-60M Blackhawk,H60,Mil,Get To The Choppa,Military Transport,Blackhawk,Toy Soldiers,https://en.wikipedia.org/wiki/Sikorsky_UH-60_Black_Hawk
AE5D9A,16-20912,United States Army,UH-60M Blackhawk,H60,Mil,Get To The Choppa,Military Transport,Blackhawk,Toy Soldiers,https://en.wikipedia.org/wiki/Sikorsky_UH-60_Black_Hawk
AE5D9B,16-20913,United States Army,UH-60M Blackhawk,H60,Mil,Get To The Choppa,Military Transport,Blackhawk,Toy Soldiers,https://en.wikipedia.org/wiki/Sikorsky_UH-60_Black_Hawk
AE6C7B,21-21196,United States Army,HH-60M Blackhawk,H60,Mil,Get To The Choppa,Military Transport,Blackhawk,Toy Soldiers,https://en.wikipedia.org/wiki/Sikorsky_UH-60_Black_Hawk
AE6C82,21-21203,United States Army,UH-60 Blackhawk,H60,Mil,Get To The Choppa,Military Transport,Blackhawk,Toy Soldiers,https://en.wikipedia.org/wiki/Sikorsky_UH-60_Black_Hawk
AFF009,18-20994,United States Army,UH-60 Blackhawk,H60,Mil,Get To The Choppa,Military Transport,Blackhawk,Toy Soldiers,https://en.wikipedia.org/wiki/Sikorsky_UH-60_Black_Hawk
AE6C84,21-21205,United States Army,UH-60 Blackhawk,H60,Mil,Get To The Choppa,Military Transport,Blackhawk,Toy Soldiers,https://en.wikipedia.org/wiki/Sikorsky_UH-60_Black_Hawk
