$ICAO,#ImageLink,#ImageLink2,#ImageLink3,#ImageLink4
AE1C1B,https://cdn.jetphotos.com/full/3/51402_1378407793.jpg,,,
AE5238,,,,
AE5251,https://cdn.jetphotos.com/full/5/87078_1599317903.jpg,,,
AE526A,https://cdn.jetphotos.com/full/6/87415_1617641546.jpg,,,
AE5276,,,,
AE529D,https://cdn.jetphotos.com/full/5/17105_1615644121.jpg,,,
AE09B5,https://cdn.jetphotos.com/full/2/47753_1208046013.jpg,,,
AE0AFE,https://cdn.jetphotos.com/full/6/77427_1637359281.jpg,,,
AE0B76,,,,
AE0C73,https://cdn.jetphotos.com/full/5/99955_1618782824.jpg,,,
AE0CCA,,,,
AE0CCC,,,,
AE1827,,,,
AE5D93,https://cdn.jetphotos.com/full/6/19515_1624916075.jpg,,,
AE5D95,,,,
AE5D96,https://cdn.jetphotos.com/full/6/70680_1617145008.jpg,,,
AE5D97,,,,
AE5D99,https://cdn.jetphotos.com/full/5/43988_1617143307.jpg,,,
AE5D9A,https://cdn.jetphotos.com/full/6/67572_1617144224.jpg,,,
AE5D9B,https://cdn.jetphotos.com/full/6/59615_1618971139.jpg,,,
AE6C7B,https://cdn.jetphotos.com/full/5/34096_1663461379.jpg,,,
AE6C82,,,,
AE6C84,,,,
AFF009,,,,
